name,row,mean,se,distribution,lower_bound,upper_bound,ln_mean,ln_sd,description,source
cDR,9,0.04,,,,,,,Cost discount rate (cycles 0-39),
oDR,10,0.04,,,,,,,Outcome discount rate (cycles 0-39),
Cohort,14,7500,,,,,,,,
Cohort_20_30,15,0.053,0.0106,Direchlet,53,,,,,
Cohort_31_40,16,0.21,0.042,Direchlet,210,,,,,
Cohort_41_50,17,0.316,0.0632,Direchlet,316,,,,,
Cohort_51_60,18,0.295,0.059,Direchlet,295,,,,,
Cohort_over60,19,0.126,0.0252,Direchlet,126,,,,,
rOAT_allcausemortality_20_29,24,0.00708333333333333,0.0014166666666666661,Log-normal,0.004306666666666665,0.009859999999999996,-4.950010672279821,0.21131050505567864,OAT vs no OAT paper,
rOAT_allcausemortality_30_39,25,0.0089622641509434,0.0017924528301886799,Log-normal,0.005449056603773587,0.012475471698113211,-4.714732388499617,0.21131050505567864,OAT vs no OAT paper,
rOAT_allcausemortality_40_49,26,0.0139175257731959,0.0027835051546391803,Log-normal,0.008461855670103106,0.019373195876288694,-4.274606386053043,0.21131050505567875,OAT vs no OAT paper,
rOAT_allcausemortality_50_59,27,0.0230769230769231,0.00461538461538462,Log-normal,0.014030769230769244,0.032123076923076956,-3.7689221617874717,0.21131050505567864,OAT vs no OAT paper,
rOAT_allcausemortality_60_69,28,0.0618012246614368,0.012360244932287361,Log-normal,0.03757514459415358,0.08602730472872003,-2.7838320981867333,0.21131050505567864,OAT vs no OAT paper,
rOAT_allcausemortality_70_79,29,0.18276246626160378,0.03655249325232076,Log-normal,0.11111957948705509,0.25440535303615247,-1.6995679678409983,0.2113105050556787,OAT vs no OAT paper,
rOAT_allcausemortality_80_89,30,0.591678349579371,0.11833566991587421,Log-normal,0.3597404365442576,0.8236162626144845,-0.5247921201677246,0.21131050505567867,OAT vs no OAT paper,
rOAT_allcausemortality_90,31,1,,Log-normal,1,1,0,0,OAT vs no OAT paper,
pOAT_allcausemortality_20_29,33,0.007058305655770258,,,,,,,,
pOAT_allcausemortality_30_39,34,0.008922222771347132,,,,,,,,
pOAT_allcausemortality_40_49,35,0.013821124750812541,,,,,,,,
pOAT_allcausemortality_50_59,36,0.022812687372701257,,,,,,,,
pOAT_allcausemortality_60_69,37,0.05993026910049415,,,,,,,,
pOAT_allcausemortality_70_79,38,0.16703401023446152,,,,,,,,
pOAT_allcausemortality_80_89,39,0.44660228993682516,,,,,,,,
pOAT_allcausemortality_90,40,0.6321205588285577,,,,,,,,
r_OAT_to_COPD,43,0.007400174007261012,0.0014800348014522024,Log-normal,0.004499305796414695,0.010301042218107329,-4.906251764553743,0.21131050505567864,check prevalence and incidence excel file,
r_OAT_to_lungcancer,44,0.0014959995871833495,0.0002991999174366699,Log-normal,0.0009095677490074765,0.0020824314253592227,-6.504960675376848,0.21131050505567864,check prevalence and incidence excel file,
r_OAT_to_IHD,45,0.005107251287810913,0.0010214502575621827,Log-normal,0.0031052087829890355,0.007109293792632791,-5.277093927943053,0.2113105050556784,check prevalence and incidence excel file,
r_OAT_to_stroke,46,0.0018749688773074553,0.0003749937754614911,Log-normal,0.0011399810774029328,0.0026099566772119775,-6.2791632184668815,0.21131050505567864,check prevalence and incidence excel file,
prv_light_smoker,49,0.5174,0.10348,Direchlet,517.4,,,,from RCT data,
prv_moderate_smoker,50,0.3745,0.07490000000000001,Direchlet,374.5,,,,from RCT data,
prv_heavy_smoker,51,0.10810000000000003,0.021620000000000007,Direchlet,108.10000000000002,,,,from RCT data,
RR_COPD_due_to_opioid,54,3.29,3.13 to 3.46,Log-normal,3.13,3.46,1.1908875647772805,0.02557077204178664,https://bmjmedicine.bmj.com/content/1/1/e000215,
RR_lungcancer_due_to_opioid,55,1.86,,Log-normal,1.43,2.4,0.62057648772511,0.13209280812463378,https://www.sciencedirect.com/science/article/pii/S1556086423009346?via%3Dihub,
RR_IHD_due_to_opioid,56,1,,,,,,,no result ,
RR_stroke_due_to_opioid,57,1,,,,,,,no result ,
RR_IHD_to_COPD,60,1,,,,,,,"No concrete finding, so we use  the general risk of COPD among OAT patients in IHD patient population","ihd to copd no link, OAT to IHD no link, only OAT to copd  reflected on p_ihd to copd"
RR_IHD_to_Lungcancer,61,1,,,,,,,"No concrete finding, so we use  the general risk of COPD among OAT patients in IHD patient population",
RR_IHD_to_Stroke,62,2.77,0.131,Log-normal,2.51324,3.02676,1.0188473201992472,0.047429438641947284,NorCad / korman and wisløff supp,
RR_IHD_to_secondary_IHD,63,3.05,0.291,Log-normal,2.47964,3.62036,1.1151415906193203,0.09654771287699984,NorCad /korman and wisløff supp,
RR_COPD_to_Stroke,64,1.3,(1.18-1.43),Log-normal,1.18,1.43,0.26236426446749106,0.049021310419471026,Stroke risk among patients with chronic obstructive pulmonary disease: A systematic review and meta-analysis - ScienceDirect,
RR_COPD_to_Lungcancer,65,2.44,1.73-3.45,Log-normal,1.73,3.45,0.8919980393051105,0.17608813936842901,Chronic obstructive pulmonary disease and risk of lung cancer: a meta-analysis of prospective cohort studies - PMC,
RR_Stroke__MS__to_Stroke__SS,66,4.3,3.29-4.62,Log-normal,3.29,4.62,1.4586150226995167,0.08661055585570859,NorCad,
RR_Stroke_AS__to_secondary_stroke,67,2.82,0.167,Log-normal,2.49268,3.1473199999999997,1.0367368849500223,0.059489067656217816,NorCad /korman and wisløff supp,
RR_Stroke_to_Lungcancer,68,1,,,,,,,"No concrete finding, so we use  the general risk of lung cancer among OAT patients in stroke patient population",
RR_COPD_mortality,71,1.6,1.4–2.0,Log-normal,1.4,2,0.47000362924573563,0.09099017807269393,"for moderate (1.6) for severe (2.7), https://thorax.bmj.com/content/58/5/388 and https://www.tandfonline.com/doi/full/10.3109/15412555.2010.510160#d1e126",
RR_IHD_mortality_20_54,72,1.9,0.0068,Log-normal,1.886672,1.913328,0.6418538861723947,0.0035790718389697275,"NorCad (actual value is from 30-39, we assumed it similar for 20-29 as well)",
RR_IHD_mortality_55_64,73,2.66,0.048,Log-normal,2.56592,2.75408,0.9783261227936078,0.01805297452424968,korman & wisloff et al https://academic.oup.com/ehjcvp/article/4/1/15/3746062?login=true ,
RR_IHD_mortality_65_74,74,2.161,0.059,Log-normal,2.04536,2.27664,0.770571077524749,0.027328782451806588,korman & wisloff et al https://academic.oup.com/ehjcvp/article/4/1/15/3746062?login=true ,
RR_IHD_mortality_75_84,75,1.781,0.072,Log-normal,1.63988,1.9221199999999998,0.5771750043075246,0.04051239624504503,korman & wisloff et al https://academic.oup.com/ehjcvp/article/4/1/15/3746062?login=true ,
RR_IHD_mortality_85_89,76,1.26,0.103,Log-normal,1.05812,1.46188,0.23111172096338664,0.0824580279562933,korman & wisloff et al https://academic.oup.com/ehjcvp/article/4/1/15/3746062?login=true ,
RR_IHD_mortality_90above,77,1,,,,,,,korman & wisloff et al https://academic.oup.com/ehjcvp/article/4/1/15/3746062?login=true ,
RR_Stroke__AS__mortality_20_39,78,5.7,0.19,Log-normal,5.3276,6.0724,1.7404661748405046,0.03338149572232877,korman & wisloff et al https://academic.oup.com/ehjcvp/article/4/1/15/3746062?login=true ,
RR_Stroke__AS__mortality_40_79,79,3.4,0.113,Log-normal,3.17852,3.62148,1.2237754316221157,0.03328303566872197,korman & wisloff et al https://academic.oup.com/ehjcvp/article/4/1/15/3746062?login=true ,
RR_Stroke__AS__mortality_80above,80,1,,,,,,,korman & wisloff et al https://academic.oup.com/ehjcvp/article/4/1/15/3746062?login=true ,
RR_Stroke__MS__mortality__compared_to_AS,81,2,1.5-2.5,Log-normal,1.5,2.5,0.6931471805599453,0.1303150536936694,NorCad,
RR_Stroke__SS__mortality__compared_to_AS,82,3,2.25-3.75,Log-normal,2.25,3.75,1.0986122886681098,0.1303150536936694,NorCad,
RR_lungcancer_mortality_20_70,83,1,,,,,,,https://bmcpulmmed.biomedcentral.com/articles/10.1186/1471-2466-8-22/tables/4 and https://pmc.ncbi.nlm.nih.gov/articles/PMC10754488/,
RR_lungcancer_mortality_70above,84,1.93,1.41-3.54,,1.41,3.28,0.6575200029167941,0.2153748039926604,https://bmcpulmmed.biomedcentral.com/articles/10.1186/1471-2466-8-22/tables/4 and https://pmc.ncbi.nlm.nih.gov/articles/PMC10754488/,
p_IHD_to_COPD,88,0.024052585380227254,,,,,,,,
p_IHD_to_Lungcancer,89,0.0027786915024481385,,,,,,,,
p_IHD_to_Stroke,90,0.005180200037179228,,,,,,,,
p_IHD_to_secondary_IHD,91,0.015456420659729853,,,,,,,,
p_COPD_to_Stroke,92,0.002434491348099921,,,,,,,,
p_COPD_to_Lungcancer,93,0.006766448321236185,,,,,,,,
p_Stroke__MS__to_Stroke__SS,94,0.008029952467154766,,,,,,,,
p_Stroke_AS__to_secondary_stroke,95,0.005273458473867176,,,,,,,,
p_Stroke_to_Lungcancer,96,0.0027786915024481385,,,,,,,,
p_Stroke_to_Stroke_MS__first_year,98,0.072,0.00612,Direchlet,72,,,,NorCad,
p_Stroke_to_Stroke_SS__first_year,99,0.169,0.00561,Direchlet,169,,,,NorCad,
p_Stroke_to_Stroke_AS__first_year,100,0.421,0.01435,Direchlet,421,,,,,
p_COPD_mortality_20_29,104,0.011269353042534624,,,,,,,,
p_COPD_mortality_30_39,105,0.014237299926354141,,,,,,,,
p_COPD_mortality_40_49,106,0.02202193853335155,,,,,,,,
p_COPD_mortality_50_59,107,0.03624973286627231,,,,,,,,
p_COPD_mortality_60_69,108,0.09415037130619186,,,,,,,,
p_COPD_mortality_70_79,109,0.25354500066127683,,,,,,,,
p_COPD_mortality_80_89,110,0.6119749421385244,,,,,,,,
p_COPD_mortality_90above,111,0.7981034820053446,,,,,,,,
p_IHD_mortality_20_29,113,0.013368174879326622,,,,,,,,
p_IHD_mortality_30_39,114,0.01688413979260983,,,,,,,,
p_IHD_mortality_40_49,115,0.026096736410918808,,,,,,,,
p_IHD_mortality_50_54,116,0.042898807515708626,,,,,,,,
p_IHD_mortality_55_59,117,0.059538545737614745,,,,,,,,
p_IHD_mortality_60_64,118,0.1515899899304951,,,,,,,,
p_IHD_mortality_65_69,119,0.12501842194130974,,,,,,,,
p_IHD_mortality_70_74,120,0.3262860667804395,,,,,,,,
p_IHD_mortality_75_79,121,0.277833785367375,,,,,,,,
p_IHD_mortality_80_84,122,0.6513822191005825,,,,,,,,
p_IHD_mortality_85_89,123,0.5255099926454907,,,,,,,,
p_IHD_mortality_90above,124,0.6321205588285577,,,,,,,,
p_Stroke__AS__mortality_20_29,126,0.03957078934029512,,,,,,,,
p_Stroke__AS__mortality_30_39,127,0.04980201008046836,,,,,,,,
p_Stroke__AS__mortality_40_49,128,0.04621746822049011,,,,,,,,
p_Stroke__AS__mortality_50_59,129,0.07546238161309904,,,,,,,,
p_Stroke__AS__mortality_60_69,130,0.18951639304164536,,,,,,,,
p_Stroke__AS__mortality_70_79,131,0.4628040671023812,,,,,,,,
p_Stroke__AS__mortality_80_89,132,0.44660228993682516,,,,,,,,
p_Stroke__AS__mortality_90above,133,0.6321205588285577,,,,,,,,
p_Stroke__MS__mortality__compared_to_AS_20_29,135,0.07757573131157625,,,,,,,,
p_Stroke__MS__mortality__compared_to_AS_30_39,136,0.09712377995288157,,,,,,,,
p_Stroke__MS__mortality__compared_to_AS_40_49,137,0.14671339702467756,,,,,,,,
p_Stroke__MS__mortality__compared_to_AS_50_59,138,0.23131723440661478,,,,,,,,
p_Stroke__MS__mortality__compared_to_AS_60_69,139,0.505661098280778,,,,,,,,
p_Stroke__MS__mortality__compared_to_AS_70_79,140,0.8755052976492467,,,,,,,,
p_Stroke__MS__mortality__compared_to_AS_80_89,141,0.9988234080357633,,,,,,,,
p_Stroke__MS__mortality__compared_to_AS_90above,142,0.9999888045151574,,,,,,,,
p_Stroke__SS__mortality__compared_to_AS_20_29,144,0.11407678773022156,,,,,,,,
p_Stroke__SS__mortality__compared_to_AS_30_39,145,0.14208883056508337,,,,,,,,
p_Stroke__SS__mortality__compared_to_AS_40_49,146,0.2117891830634051,,,,,,,,
p_Stroke__SS__mortality__compared_to_AS_50_59,147,0.32606080320893505,,,,,,,,
p_Stroke__SS__mortality__compared_to_AS_60_69,148,0.6524340826361641,,,,,,,,
p_Stroke__SS__mortality__compared_to_AS_70_79,149,0.9560735297250171,,,,,,,,
p_Stroke__SS__mortality__compared_to_AS_80_89,150,0.9999596411468263,,,,,,,,
p_Stroke__SS__mortality__compared_to_AS_90above,151,0.9999999625402944,,,,,,,,
p_lungcancer_mortality_20_29,153,0.007058305655770258,,,,,,,,
p_lungcancer_mortality_30_39,154,0.008922222771347132,,,,,,,,
p_lungcancer_mortality_40_49,155,0.013821124750812541,,,,,,,,
p_lungcancer_mortality_50_59,156,0.022812687372701257,,,,,,,,
p_lungcancer_mortality_60_69,157,0.05993026910049415,,,,,,,,
p_lungcancer_mortality_70_79,158,0.2972341814039433,,,,,,,,
p_lungcancer_mortality_80_89,159,0.6808005749686017,,,,,,,,
p_lungcancer_mortality_90above,160,0.8548518015163763,,,,,,,,
p_mortality_stroke_first_year,161,0.338,0.0117,Direchlet,338,,0.315068,0.36093200000000003,NorCad,
p_mortality_IHD_first_year,162,0.04,0.008,Beta,23.96,575.04,0.02432,0.05568,NorCad,
RR_light_smoker_IHD_GP,193,1.66,0.332,Log-normal,1.00928,2.31072,0.5068176023684519,0.2113105050556786,5 vs 2.5 cigs,
RR_moderate_smoker_IHD_GP,194,2.301451,0.46029020000000004,Log-normal,1.399282208,3.2036197920000005,0.8335397935857723,0.21131050505567864,15 vs 7.5 cigs ,
RR_heavy_smoker_IHD_GP,195,2.995261,0.5990522,Log-normal,1.821118688,4.169403312,1.097031373012557,0.2113105050556786,30 vs 15 cigs,
RR_light_smoker_stroke_GP,197,1.4,0.27999999999999997,Log-normal,0.8512,1.9487999999999999,0.3364722366212129,0.2113105050556786,5 vs 2.5 cigs,
RR_moderate_smoker_stroke_GP,198,2.02765,0.40553,Log-normal,1.2328112,2.8224888,0.7068774870082044,0.21131050505567864,15 vs 7.5 cigs ,
RR_heavy_smoker_stroke_GP,199,2.427668,0.48553360000000007,Log-normal,1.476022144,3.3793138560000004,0.8869311257917384,0.2113105050556786,30 vs 15 cigs,
RR_light_smoker_lungcancer_GP,201,2.128766,0.42575320000000005,Log-normal,1.294289728,2.9632422720000005,0.7555424691144891,0.2113105050556786,8.5 vs 4.25 pack year,
RR_moderate_smoker_lungcancer_GP,202,6.822546,1.3645092,Log-normal,4.148107968,9.496984032,1.9202327159741088,0.21131050505567864,25  vs 12.5 pack years ,
RR_heavy_smoker_lungcancer_GP,203,13.432547,2.6865094000000003,Log-normal,8.166988575999998,18.698105424,2.5976806425910812,0.21131050505567864,50 vs 25 pack years ,
RR_light_smoker_COPD_GP,205,1.998303,0.39966060000000003,Log-normal,1.214968224,2.781637776,0.6922983203800641,0.21131050505567864,8.5 vs 4.25 pack year,
RR_moderate_smoker_COPD_GP,206,3.647069,0.7294138000000001,Log-normal,2.217417952,5.076720048,1.2939238313075632,0.21131050505567867,25  vs 12.5 pack years ,
RR_heavy_smoker_COPD_GP,207,6.139445,1.2278890000000002,Log-normal,3.73278256,8.54610744,1.8147343471940707,0.21131050505567864,50 vs 25 pack years ,
RR_light_smoker_IHD,211,1.66,,,,,,,"dai et al., 5 cigs",
RR_moderate_smoker_IHD,212,2.301451,,,,,,,predicted value using quad model (15 cigs),
RR_heavy_smoker_IHD,213,2.995261,,,,,,,# risk used from 85th percentile (31.25 cigs.) from Dai et al.,
RR_light_smoker_stroke,215,1.4,,,,,,,"dai et al., 5 cigs",
RR_moderate_smoker_stroke,216,2.02765,,,,,,,predicted value using quad model (15 cigs),
RR_heavy_smoker_stroke,217,2.427668,,,,,,,# risk used from 85th percentile (29.5 cigs.) from Dai et al.,
RR_light_smoker_lungcancer,219,3.9595047600000006,,,,,,,predicted value assuming 5 cigs per day equivalent to 8.5 pack years over 34 years https://www.sciencedirect.com/science/article/pii/S1556086423009346?via%3Dihub,
RR_moderate_smoker_lungcancer,220,12.68993556,,,,,,,predicted value using quad model for 25 pack years as 15 cigs per day for 34 years is 25.5 pack years https://www.sciencedirect.com/science/article/pii/S1556086423009346?via%3Dihub,
RR_heavy_smoker_lungcancer,221,24.98453742,,,,,,,# risk used from 85th percentile (51 pack years ) from Dai et al. 30cigs per day for 34 years is 51 pack years https://www.sciencedirect.com/science/article/pii/S1556086423009346?via%3Dihub,
RR_light_smoker_COPD,223,6.57441687,,,,,,,predicted value assuming 5 cigs per day equivalent to 8.5 pack years over 34 years and https://bmjmedicine.bmj.com/content/1/1/e000215,
RR_moderate_smoker_COPD,224,11.99885701,,,,,,,predicted value using quad model for 25 pack years as 15 cigs per day for 34 years is 25.5 pack years and https://bmjmedicine.bmj.com/content/1/1/e000215,
RR_heavy_smoker_COPD,225,20.19877405,,,,,,,# risk used from 85th percentile (49.75 pack years ) from Dai et al. 30cigs per day for 34 years is 51 pack years and https://bmjmedicine.bmj.com/content/1/1/e000215,
prv_20_29_IHD_light,229,0.0006893172836397301,0.00013786345672794602,Direchlet,0.6893172836397301,,,,,
prv_30_39_IHD_light,230,0.0034511399195072743,0.000690227983901455,Direchlet,3.4511399195072743,,,,,
prv_40_49_IHD_light,231,0.014814370184095746,0.002962874036819149,Direchlet,14.814370184095745,,,,,
prv_50_59_IHD_light,232,0.04819540150888796,0.009639080301777592,Direchlet,48.19540150888796,,,,,
prv_Over60_IHD_light,233,0.15371895535118468,0.030743791070236937,Direchlet,153.7189553511847,,,,,
prv_20_29_stroke_light,235,0.0026403359013182546,0.0005280671802636509,Direchlet,2.6403359013182546,,,,,
prv_30_39_stroke_light,236,0.004385849905404545,0.0008771699810809091,Direchlet,4.3858499054045454,,,,,
prv_40_49_stroke_light,237,0.008381251896199905,0.0016762503792399812,Direchlet,8.381251896199906,,,,,
prv_50_59_stroke_light,238,0.018452224652910913,0.0036904449305821827,Direchlet,18.452224652910914,,,,,
prv_Over60_stroke_light,239,0.06128832067271204,0.012257664134542408,Direchlet,61.28832067271204,,,,,
prv_20_29_COPD_light,241,0.02815489967648079,0.005630979935296158,Direchlet,28.154899676480788,,,,,
prv_30_39_COPD_light,242,0.047367323343784476,0.009473464668756896,Direchlet,47.36732334378448,,,,,
prv_40_49_COPD_light,243,0.08987411958115578,0.017974823916231158,Direchlet,89.87411958115578,,,,,
prv_50_59_COPD_light,244,0.22782025114273396,0.045564050228546794,Direchlet,227.82025114273395,,,,,
prv_Over60_COPD_light,245,0.7028955511765713,0.14057911023531428,Direchlet,702.8955511765713,,,,,
prv_20_29_lungcancer_light,247,1.7063267075581766e-05,3.412653415116353e-06,Direchlet,0.17063267075581764,,,,,
prv_30_39_lungcancer_light,248,0.0001246027617457961,2.492055234915922e-05,Direchlet,0.1246027617457961,,,,,
prv_40_49_lungcancer_light,249,0.0006342991445967048,0.00012685982891934096,Direchlet,0.6342991445967048,,,,,
prv_50_59_lungcancer_light,250,0.002670711093249004,0.0005341422186498009,Direchlet,2.670711093249004,,,,,
prv_Over60_lungcancer_light,251,0.011825407156765758,0.0023650814313531518,Direchlet,11.825407156765758,,,,,
prv_20_29_IHD_mod,255,0.000598545804335611,0.00011970916086712221,Direchlet,0.598545804335611,,,,,
prv_30_39_IHD_mod,256,0.004174167639067237,0.0008348335278134475,Direchlet,4.174167639067237,,,,,
prv_40_49_IHD_mod,257,0.01468596722636526,0.002937193445273052,Direchlet,14.685967226365259,,,,,
prv_50_59_IHD_mod,258,0.08017894479893584,0.01603578895978717,Direchlet,80.17894479893583,,,,,
prv_Over60_IHD_mod,259,0.20001730289702363,0.04000346057940473,Direchlet,200.01730289702363,,,,=B171*RR_moderate_smoker_IHD,
prv_20_29_stroke_mod,261,0.003463276752256145,0.000692655350451229,Direchlet,3.463276752256145,,,,,
prv_30_39_stroke_mod,262,0.0030887219034643467,0.0006177443806928694,Direchlet,3.088721903464347,,,,,
prv_40_49_stroke_mod,263,0.010338651943618533,0.0020677303887237067,Direchlet,10.338651943618533,,,,,
prv_50_59_stroke_mod,264,0.01752069227612367,0.003504138455224734,Direchlet,17.52069227612367,,,,,
prv_Over60_stroke_mod,265,0.0499353453745869,0.00998706907491738,Direchlet,49.9353453745869,,,,=B177*RR_moderate_smoker_stroke,
prv_20_29_COPD_mod,267,0.055709529984006426,0.011141905996801286,Direchlet,55.70952998400642,,,,,
prv_30_39_COPD_mod,268,0.07183027280890443,0.014366054561780887,Direchlet,71.83027280890443,,,,,
prv_40_49_COPD_mod,269,0.1290609834103931,0.025812196682078622,Direchlet,129.0609834103931,,,,,
prv_50_59_COPD_mod,270,0.19398861986687285,0.038797723973374575,Direchlet,193.98861986687285,,,,,
prv_Over60_COPD_mod,271,0.6610317950394231,0.13220635900788463,Direchlet,661.0317950394231,,,,=B183*RR_moderate_smoker_COPD,
prv_20_29_lungcancer_mod,273,7.637241996078966e-05,1.5274483992157932e-05,Direchlet,0.7637241996078966,,,,,
prv_30_39_lungcancer_mod,274,0.0003788486593709401,7.576973187418803e-05,Direchlet,0.3788486593709401,,,,,
prv_40_49_lungcancer_mod,275,0.0019350449585767183,0.0003870089917153437,Direchlet,1.9350449585767184,,,,,
prv_50_59_lungcancer_mod,276,0.010596604516415122,0.0021193209032830244,Direchlet,10.596604516415121,,,,,
prv_Over60_lungcancer_mod,277,0.034371948981399496,0.0068743897962798995,Direchlet,34.3719489813995,,,,=B189*RR_moderate_smoker_lungcancer,
prv_20_29_IHD_heavy,281,0.0012437862507903746,0.0002487572501580749,Direchlet,1.2437862507903745,,,,,
prv_30_39_IHD_heavy,282,0.006227147473761011,0.0012454294947522023,Direchlet,6.227147473761011,,,,,
prv_40_49_IHD_heavy,283,0.026730665814448683,0.005346133162889737,Direchlet,26.73066581444868,,,,,
prv_50_59_IHD_heavy,284,0.0869625340475381,0.017392506809507623,Direchlet,86.9625340475381,,,,,
prv_Over60_IHD_heavy,285,0.2773665011591234,0.05547330023182469,Direchlet,277.3665011591234,,,,=B171*RR_heavy_smoker_IHD,
prv_20_29_stroke_heavy,287,0.004578470697772489,0.0009156941395544979,Direchlet,4.578470697772489,,,,,
prv_30_39_stroke_heavy,288,0.007605276762966888,0.0015210553525933776,Direchlet,7.605276762966888,,,,,
prv_40_49_stroke_heavy,289,0.014533497877388455,0.002906699575477691,Direchlet,14.533497877388454,,,,,
prv_50_59_stroke_heavy,290,0.03199705379905924,0.006399410759811848,Direchlet,31.99705379905924,,,,,
prv_Over60_stroke_heavy,291,0.1062769249077725,0.021255384981554503,Direchlet,106.27692490777251,,,,=B177*RR_heavy_smoker_stroke,
prv_20_29_COPD_heavy,293,0.08650112522689081,0.017300225045378162,Direchlet,86.5011252268908,,,,,
prv_30_39_COPD_heavy,294,0.14552801875710586,0.029105603751421173,Direchlet,145.52801875710585,,,,,
prv_40_49_COPD_heavy,295,0.2761228973243442,0.05522457946486884,Direchlet,276.1228973243442,,,,,
prv_50_59_COPD_heavy,296,0.6999388490018793,0.13998776980037586,Direchlet,699.9388490018792,,,,,
prv_Over60_COPD_heavy,297,0.5433427674999344,0.10866855349998689,Direchlet,543.3427674999343,,,,,
prv_20_29_lungcancer_heavy,299,0.00010535401131293863,2.107080226258773e-05,Direchlet,0.10535401131293863,,,,,
prv_30_39_lungcancer_heavy,300,0.0007693368868014642,0.00015386737736029286,Direchlet,0.7693368868014642,,,,,
prv_40_49_lungcancer_heavy,301,0.0039163636693736814,0.0007832727338747364,Direchlet,3.9163636693736814,,,,,
prv_50_59_lungcancer_heavy,302,0.01648981554853575,0.00329796310970715,Direchlet,16.48981554853575,,,,,
prv_Over60_lungcancer_heavy,303,0.07301380643316972,0.014602761286633945,Direchlet,73.01380643316972,,,,=B189*RR_heavy_smoker_lungcancer,
inc_20_29_IHD_light,307,0.00012864774707604248,,,,,,,,
inc_30_39_IHD_light,308,0.0005268124375141875,,,,,,,,
inc_40_49_IHD_light,309,0.002341494297878314,,,,,,,,
inc_50_59_IHD_light,310,0.006119478669554734,,,,,,,,
inc_Over60_IHD_light,311,0.014022739310728017,,,,,,,,
inc_20_29_stroke_light,313,0.0001350496856232847,,,,,,,,
inc_30_39_stroke_light,314,0.0002540855682519076,,,,,,,,
inc_40_49_stroke_light,315,0.0006766710515097148,,,,,,,,
inc_50_59_stroke_light,316,0.001606369825315065,,,,,,,,
inc_Over60_stroke_light,317,0.006011884139204333,,,,,,,,
inc_20_29_COPD_light,319,0.0017844521723842414,,,,,,,,
inc_30_39_COPD_light,320,0.0021244290784397527,,,,,,,,
inc_40_49_COPD_light,321,0.00859689309386154,,,,,,,,
inc_50_59_COPD_light,322,0.019148142940550242,,,,,,,,
inc_Over60_COPD_light,323,0.05593274816553349,,,,,,,,
inc_20_29_lungcancer_light,325,4.5306404208363865e-06,,,,,,,,
inc_30_39_lungcancer_light,326,3.5137080648466034e-05,,,,,,,,
inc_40_49_lungcancer_light,327,0.00023986274436174127,,,,,,,,
inc_50_59_lungcancer_light,328,0.0010747961632208277,,,,,,,,
inc_Over60_lungcancer_light,329,0.00598088502115311,,,,,,,,
inc_20_29_IHD_mod,333,0.00017835932900958138,,,,,,,,
inc_30_39_IHD_mod,334,0.0007303813320057016,,,,,,,,
inc_40_49_IHD_mod,335,0.0032462857791243035,,,,,,,,
inc_50_59_IHD_mod,336,0.008484144761159888,,,,,,,,
inc_Over60_IHD_mod,337,0.019441353861092955,,,,,,,,
inc_20_29_stroke_mod,339,0.00019559535361003805,,,,,,,,
inc_30_39_stroke_mod,340,0.000367997573189986,,,,,,,,
inc_40_49_stroke_mod,341,0.000980037183995481,,,,,,,,
inc_50_59_stroke_mod,342,0.0023265398402143515,,,,,,,,
inc_Over60_stroke_mod,343,0.008707140624898333,,,,,,,,
inc_20_29_COPD_mod,345,0.0032567734722338017,,,,,,,,
inc_30_39_COPD_mod,346,0.0038772595720850092,,,,,,,,
inc_40_49_COPD_mod,347,0.01569004415193117,,,,,,,,
inc_50_59_COPD_mod,348,0.03494695175158603,,,,,,,,
inc_Over60_COPD_mod,349,0.10208191246238636,,,,,,,,
inc_20_29_lungcancer_mod,351,1.4520385369089697e-05,,,,,,,,
inc_30_39_lungcancer_mod,352,0.0001126118836123225,,,,,,,,
inc_40_49_lungcancer_mod,353,0.0007687433034416278,,,,,,,,
inc_50_59_lungcancer_mod,354,0.003444646459121202,,,,,,,,
inc_Over60_lungcancer_mod,355,0.01916831778482372,,,,,,,,
inc_20_29_IHD_heavy,359,0.00023212866238236997,,,,,,,,
inc_30_39_IHD_heavy,360,0.0009505667159043272,,,,,,,,
inc_40_49_IHD_heavy,361,0.004224931657926083,,,,,,,,
inc_50_59_IHD_heavy,362,0.011041828794728424,,,,,,,,
inc_Over60_IHD_heavy,363,0.02530226757264489,,,,,,,,
inc_20_29_stroke_heavy,365,0.00023418271442693456,,,,,,,,
inc_30_39_stroke_heavy,366,0.0004405967166478372,,,,,,,,
inc_40_49_stroke_heavy,367,0.0011733804701974904,,,,,,,,
inc_50_59_stroke_heavy,368,0.002785523300773553,,,,,,,,
inc_Over60_stroke_heavy,369,0.010424899103181362,,,,,,,,
inc_20_29_COPD_heavy,371,0.005482424821202574,,,,,,,,
inc_30_39_COPD_heavy,372,0.006526945855298995,,,,,,,,
inc_40_49_COPD_heavy,373,0.026412487155672966,,,,,,,,
inc_50_59_COPD_heavy,374,0.058829401965390875,,,,,,,,
inc_Over60_COPD_heavy,375,0.17184382501609805,,,,,,,,
inc_20_29_lungcancer_heavy,377,2.8588412438466475e-05,,,,,,,,
inc_30_39_lungcancer_heavy,378,0.00022171553249784634,,,,,,,,
inc_40_49_lungcancer_heavy,379,0.0015135376961056659,,,,,,,,
inc_50_59_lungcancer_heavy,380,0.006781980723989126,,,,,,,,
inc_Over60_lungcancer_heavy,381,0.03773947871594864,,,,,,,,
c_OAT,385,108038.568119184,21607.7136238368,Gamma ,25,4321.54272476736,65687.44941646387,150389.68682190412,from OAT vs no OAT ,
c_lung_cancer,386,273715.76,54743.152,Gamma ,25,10948.630400000002,166419.18208,381012.33792,COST file,
c_COPD,387,125769.31,25153.862,Gamma ,24.999999999999993,5030.772400000001,76467.74048,175070.87952000002,,
c_stroke__AS,388,4957.81,991.5620000000001,Gamma ,24.999999999999996,198.31240000000005,3014.34848,6901.27152,,
c_stroke__MS,389,91304.21,18260.842,Gamma ,25,3652.1684,55512.95968000001,127095.46032000001,,
c_stroke__SS,390,1397984.69,279596.938,Gamma ,24.999999999999993,55919.38760000002,849974.6915199999,1945994.68848,,
c_IHD,391,6286.41,1257.2820000000002,Gamma ,24.99999999999999,251.4564000000001,3822.1372799999995,8750.68272,,
c_eventstroke,393,268019.44,53603.888000000006,Gamma ,24.999999999999996,10720.777600000003,162955.81952,373083.06048,,
c_eventIHD,394,119160.98,23832.196,Gamma ,25,4766.4392,72449.87584,165872.08416,,
c_nurse_time__per_hour,398,354.43,106.329,Gamma ,11.111111111111112,31.898699999999998,146.02516000000003,562.83484,,
time_for_behavioural_therapy__in_mins,399,5,1,Gamma ,25,0.2,3.04,6.96,,
c_behavioural_therapy_per_visit_a_week,400,29.535833333333336,,,,,,,,
c_NRT_light_smoker_recommended_dose,401,5100.983333333334,1020.1966666666667,Gamma ,25,204.03933333333336,3101.397866666667,7100.5688,,
c_NRT_light_smoker_max_dose,402,10523.348333333333,2104.6696666666667,Gamma ,25,420.93393333333336,6398.195786666667,14648.50088,,
c_NRT_moderate_smoker_recommended_dose,403,6552.823333333334,1310.5646666666669,Gamma ,24.999999999999996,262.1129333333334,3984.1165866666665,9121.53008,,
c_NRT_moderate_smoker_max_dose,404,10167.733333333334,2033.5466666666669,Gamma ,24.999999999999993,406.7093333333334,6181.981866666667,14153.4848,,
c_NRT_heavy_smoker_recommended_dose,405,7105.861598601231,1421.1723197202464,Gamma ,24.999999999999993,284.2344639440493,4320.363851949548,9891.359345252913,,
c_NRT_heavy_smoker_max_dose,406,7105.861598601231,1421.1723197202464,Gamma ,24.999999999999993,284.2344639440493,4320.363851949548,9891.359345252913,,
c_NRT_quiter_recommended_dose,407,5100.983333333334,1020.1966666666667,Gamma ,25,204.03933333333336,3101.397866666667,7100.5688,,
c_NRT_quiter_max_dose,408,10523.348333333333,2104.6696666666667,Gamma ,25,420.93393333333336,6398.195786666667,14648.50088,,
c_NRT_disease_group_recommended_dose,409,5861.424753808793,1172.2849507617586,Gamma ,24.999999999999996,234.45699015235175,3563.7462503157462,8159.10325730184,,
c_NRT_disease_group_max_dose,410,10020.740199808793,2004.1480399617587,Gamma ,25,400.8296079923518,6092.6100414837465,13948.870358133841,,
u_OAT,413,0.699,0.01,Beta,1469.99001,632.9999900000001,0.6794,0.7185999999999999,,
u_OAT_lessthan25,414,0.787,0.0383,Beta,89.14857594638997,24.12788650137365,0.711932,0.8620680000000001,,
u_OAT_26_40,415,0.724,0.0157,Beta,586.2068126090309,223.47110535924384,0.693228,0.754772,,
u_OAT_41_60,416,0.684,0.0141,Beta,742.9531208691715,343.2356523313715,0.6563640000000001,0.711636,,
u_OAT_above_60,417,0.613,0.0529,Beta,51.353153279898216,32.4203430984023,0.509316,0.716684,,
u_lung_cancer_1styear,419,0.61,0.0102,Beta,1394.228523644752,891.3920069204153,0.590008,0.629992,,
u_lung_cancer_2ndyrnbeyond,420,0.5,0.1,Beta,11.999999999999998,11.999999999999998,0.304,0.696,,
u_COPD,421,0.761,0.0173,Beta,461.69988743359283,145.00167292592468,,,https://doi.org/10.1080/15412555.2024.2385358 ,
u_stroke_AS,422,0.76,0.0204,Beta,332.3426528258362,104.9503114186851,,,korman & wisloff et al https://academic.oup.com/ehjcvp/article/4/1/15/3746062?login=true ,
u_stroke_MS,423,0.66,0.0375,Beta,104.6584,53.91493333333332,,,korman & wisloff et al https://academic.oup.com/ehjcvp/article/4/1/15/3746062?login=true ,
u_stroke_SS,424,0.44,0.0732,Beta,19.79350951058557,25.19173937710891,,,korman & wisloff et al https://academic.oup.com/ehjcvp/article/4/1/15/3746062?login=true ,
u_IHD,425,0.86,0.00129,Beta,62221.362222222226,10129.05896640827,,,korman & wisloff et al https://academic.oup.com/ehjcvp/article/4/1/15/3746062?login=true ,
u_quitting,427,0,,,,,,,check dose-response tab and https://pmc.ncbi.nlm.nih.gov/articles/PMC3352300/,0.0118451
p_primary_outcome_soc,430,0.014112903225806451,,,,,,,From RCT data ,
p_relapse_rate_primary_outcome_soc,431,0.375,,,,,,,"assumption, similar to relapse rate from cessation for the first year",
p_relapse_rate_primary_outcome_soc_year_1,432,0.85,,,,,,,"assumption, similar to relapse rate from cessation for the first year",
p_relapse_rate_primary_outcome_soc_year_2n5,433,0.375,,,,,,,"assumption, similar to relapse rate from cessation for the first year",
p_relapse_rate_primary_outcome_soc_year_6nbeyond,434,0.1875,,,,,,,"assumption, similar to relapse rate from cessation for the first year",
p_quit_rate_soc,435,0.028225806451612902,,,,,,,half of the quit rate than the general population,
p_relapse_rate_quit_soc__year_1,436,0.85,,,,,,,"https://link.springer.com/article/10.1007/s40263-020-00701-z, within 6 month it reduced from 7% to 2%  about 70% relapse",
p_relapse_rate_quit_soc_year2_5,437,0.375,,,,,,,,
p_relapse_rate_quit_soc_year5nabove,438,0.1875,,,,,,,,
p_relapse_rate_quit_soc__disease_state,439,0.375,,,,,,,,
p_reduced_to_quit_rate_soc,440,0.028225806451612902,,,,,,,half of the quit rate than the general population,
p_relapse_rate_quit_to_reduced_soc_year1,441,0.85,,,,,,,,
p_relapse_rate_quit_to_reduced_soc_year2_5,442,0.375,,,,,,,,
p_relapse_rate_quit_to_reduced_soc_year5nabove,443,0.1875,,,,,,,,
p_relapse_rate_quit_to_reduced_soc_disease_state,444,0.375,,,,,,,"assuming that if they quit once they are in the disease state, they are more aware and more willing",
p_primary_outcome_NRT,446,0.17037037037037037,0.034074074074074076,Beta,20.570370370370366,100.16876006441223,0.10358518518518518,0.23715555555555556,from RCT data ,
p_relapse_rate_primary_outcome_NRT,447,0.05,,,,,,,"assumption, similar to relapse rate from cessation for the first year",
p_relapse_rate_primary_outcome_NRT_year_1,448,0.1,0.020000000000000004,Beta,22.39999999999999,201.5999999999999,0.0608,0.13920000000000002,"assumption, similar to relapse rate from cessation for the first year",
p_relapse_rate_primary_outcome_NRT_year_2n5,449,0.05,,,,,,,"assumption, similar to relapse rate from cessation for the first year",
p_relapse_rate_primary_outcome_NRT_year_6nbeyond,450,0.025,,,,,,,"assumption, similar to relapse rate from cessation for the first year",
p_quit_rate_NRT,451,0.1259259259259259,0.025185185185185185,Beta,21.72592592592592,150.80348583877995,0.07656296296296294,0.17528888888888888,"similar, around 11 or 8.3% from other studies ",
p_relapse_rate_quit_NRT__year_1,452,0.1,,,,,,,,
p_relapse_rate_quit_NRT_year2_5,453,0.05,,,,,,,,
p_relapse_rate_quit_NRT_year5nabove,454,0.025,,,,,,,,
p_relapse_rate_quit_NRT__disease_state,455,0.05,,,,,,,,
p_reduced_to_quit_rate_NRT,456,0.1259259259259259,,,,,,,,
p_relapse_rate_quit_to_reduced_NRT_year1,457,0.1,,,,,,,,
p_relapse_rate_quit_to_reduced_NRT_year2_5,458,0.05,,,,,,,,
p_relapse_rate_quit_to_reduced_NRT_year5nabove,459,0.025,,,,,,,,
p_relapse_rate_quit_to_reduced_NRT_disease_state,460,0.05,,,,,,,,
p_primary_outcome_NRT_once_year_one,463,0.05111111111111111,,,,,,,"abt 62.5% of those abstinent at 12 weeks remains abstinent at the end of the treatment from the general population, but for our group we consider the effectiveness to be half of that seen among the general population i.e. 30%","https://onlinelibrary.wiley.com/doi/10.1111/add.14549#:~:text=At%2052%20weeks%2C%20abstinence%20rates,8.9%25%20modelled)%20for%20placebo."
p_primary_outcome_NRT_once,464,0.014112903225806451,0.0028225806451612906,Beta,24.633064516129025,1720.795506912442,0.008580645161290323,0.01964516129032258,from RCT data ,
p_relapse_rate_primary_outcome_NRT_once,465,0.375,,,,,,,"assumption, similar to relapse rate from cessation for the first year",
p_relapse_rate_primary_outcome_NRT_once_year_1,466,0.75,0.15000000000000002,Beta,5.499999999999998,1.8333333333333326,0.45599999999999996,1.044,"assumption, similar to relapse rate from cessation for the first year",
p_relapse_rate_primary_outcome_NRT_once_year_2n5,467,0.375,,,,,,,"assumption, similar to relapse rate from cessation for the first year",
p_relapse_rate_primary_outcome_NRT_once_year_6nbeyond,468,0.1875,,,,,,,"assumption, similar to relapse rate from cessation for the first year",
p_quit_rate_NRT_once_year_one,469,0.03777777777777777,0.007555555555555555,,24.017777777777773,611.7469281045752,0.022968888888888886,0.05258666666666666,,
p_quit_rate_NRT_once,470,0.028225806451612902,0.005645161290322581,,24.26612903225806,835.4481566820276,0.017161290322580645,0.03929032258064516,"similar, around 11 or 8.3% from other studies ",
p_relapse_rate_quit_NRT_once__year_1,471,0.75,,,,,,,,
p_relapse_rate_quit_NRT_once_year2_5,472,0.375,,,,,,,,
p_relapse_rate_quit_NRT_once_year5nabove,473,0.1875,,,,,,,,
p_relapse_rate_quit_NRT_once__disease_state,474,0.375,,,,,,,,
p_reduced_to_quit_rate_NRT_once_year_one,475,0.03777777777777777,,,,,,,,
p_reduced_to_quit_rate_NRT_once,476,0.028225806451612902,,,,,,,,
p_relapse_rate_quit_to_reduced_NRT_once_year1,477,0.75,,,,,,,,
p_relapse_rate_quit_to_reduced_NRT_once_year2_5,478,0.375,,,,,,,,
p_relapse_rate_quit_to_reduced_NRT_once_year5nabove,479,0.1875,,,,,,,,
p_relapse_rate_quit_to_reduced_NRT_once_disease_state,480,0.375,,,,,,,,
p_light_relapse,482,0.5174,,,,,,,,
p_moderate_relapse,483,0.3745,,,,,,,,
p_heavy_relapse,484,0.10810000000000003,,,,,,,,
RR_light_smoker_IHD_GP_reduced,489,1.4259,0.28518,Log-normal,0.8669472,1.9848527999999999,0.35480319330593635,0.2113105050556786,5 vs 2.5 cigs,
RR_moderate_smoker_IHD_GP_reduced,490,1.895742,0.37914840000000005,Log-normal,1.152611136,2.638872864,0.639610318624291,0.2113105050556786,15 vs 7.5 cigs ,
RR_heavy_smoker_IHD_GP_reduced,491,2.301451,0.46029020000000004,Log-normal,1.399282208,3.2036197920000005,0.8335397935857723,0.21131050505567864,30 vs 15 cigs,
RR_light_smoker_stroke_GP_reduced,493,1.185402,0.23708040000000002,Log-normal,0.720724416,1.6500795840000002,0.17008195756437353,0.21131050505567864,5 vs 2.5 cigs,
RR_moderate_smoker_stroke_GP_reduced,494,1.587281,0.3174562,Log-normal,0.9650668479999999,2.209495152,0.46202248951244745,0.21131050505567867,15 vs 7.5 cigs ,
RR_heavy_smoker_stroke_GP_reduced,495,2.02765,0.40553,Log-normal,1.2328112,2.8224888,0.7068774870082044,0.21131050505567864,30 vs 15 cigs,
RR_light_smoker_lungcancer_GP_reduced,497,1.531742,0.3063484,Log-normal,0.9312991359999999,2.132184864,0.42640564982559115,0.21131050505567864,8.5 vs 4.25 pack year,
RR_moderate_smoker_lungcancer_GP_reduced,498,2.987185,0.5974370000000001,Log-normal,1.81620848,4.15816152,1.0943314723679682,0.2113105050556786,25  vs 12.5 pack years ,
RR_heavy_smoker_lungcancer_GP_reduced,499,6.822546,1.3645092,Log-normal,4.148107968,9.496984032,1.9202327159741088,0.21131050505567864,50 vs 25 pack years ,
RR_light_smoker_COPD_GP_reduced,501,1.524782,0.3049564,Log-normal,0.9270674560000001,2.122496544,0.4218514490212606,0.2113105050556786,8.5 vs 4.25 pack year,
RR_moderate_smoker_COPD_GP_reduced,502,2.421652,0.4843304,Log-normal,1.472364416,3.370939584,0.8844499519008341,0.2113105050556786,25  vs 12.5 pack years ,
RR_heavy_smoker_COPD_GP_reduced,503,3.647069,0.7294138000000001,Log-normal,2.217417952,5.076720048,1.2939238313075632,0.21131050505567867,50 vs 25 pack years ,
RR_OAT_to_IHD_reduced_light,507,0.8589759036144579,1,,,,,,5 vs 2.5 cigs,
RR_OAT_to_IHD_reduced_moderate,508,0.8237159948223968,0.76,,,,,,15 vs 7.5 cigs ,
RR_OAT_to_IHD_reduced_heavy,509,0.7683640924780846,0.74,,,,,,30 vs 15 cigs,
RR_OAT_to_stroke_reduced_light,511,0.8467157142857143,0.88,,,,,,5 vs 2.5 cigs,
RR_OAT_to_stroke_reduced_moderate,512,0.7828180405888591,0.85,,,,,,15 vs 7.5 cigs ,
RR_OAT_to_stroke_reduced_heavy,513,0.8352254097347742,0.73,,,,,,30 vs 15 cigs,
RR_OAT_to_lungcancer_reduced_light,515,0.7195445624366417,0.98,,,,,,8.5 vs 4.25 pack year,
RR_OAT_to_lungcancer_reduced_moderate,516,0.43784021390255196,0.87,,,,,,25 vs 12.5 pack years ,
RR_OAT_to_lungcancer_reduced_heavy,517,0.5079115673297104,0.79,,,,,,50 vs 25 pack years ,
RR_OAT_to_COPD_reduced_light,519,0.7630384381147404,0.93,,,,,,8.5 vs 4.25 pack year,
RR_OAT_to_COPD_reduced_moderate,520,0.6639995020659055,0.93,,,,,,25  vs 12.5 pack years ,
RR_OAT_to_COPD_reduced_heavy,521,0.5940388748494367,0.93,,,,,,50 vs 25 pack years ,
RR_OAT_to_IHD_reduced_light_first_five,525,0.76,0.15200000000000002,Log-normal,0.5,1.15,-0.2744368457017603,0.21248072145840052,5 vs 2.5 cigs,0.76
RR_OAT_to_IHD_reduced_moderate_first_five,526,0.88,0.17600000000000002,Log-normal,0.75,1.03,-0.12783337150988489,0.08093028167754127,15 vs 7.5 cigs ,0.88
RR_OAT_to_IHD_reduced_heavy_first_five,527,0.99,0.198,Log-normal,0.91,1.07,-0.01005033585350145,0.04131946536330504,30 vs 15 cigs,0.99
RR_OAT_to_stroke_reduced_light_first_five,529,0.81,0.16200000000000003,Log-normal,0.62,1.06,-0.21072103131565253,0.13681493978901624,5 vs 2.5 cigs,0.81
RR_OAT_to_stroke_reduced_moderate_first_five,530,0.97,0.194,Log-normal,0.86,1.09,-0.030459207484708574,0.06046044413189898,15 vs 7.5 cigs ,0.97
RR_OAT_to_stroke_reduced_heavy_first_five,531,1,0.2,Log-normal,0.96,1.08,0,0.030047244894661627,30 vs 15 cigs,1
RR_OAT_to_lungcancer_reduced_light_first_five,533,0.96,0.192,Log-normal,0.66,1.38,-0.040821994520255166,0.18816645329936305,https://acsjournals.onlinelibrary.wiley.com/doi/10.1002/cncr.34172,0.96
RR_OAT_to_lungcancer_reduced_moderate_first_five,534,0.91,0.18200000000000002,Log-normal,0.76,1.06,-0.09431067947124129,0.08487547639907589,https://acsjournals.onlinelibrary.wiley.com/doi/10.1002/cncr.34172,0.91
RR_OAT_to_lungcancer_reduced_heavy_first_five,535,0.81,0.16200000000000003,Log-normal,0.75,0.87,-0.21072103131565253,0.03786294194408452,https://acsjournals.onlinelibrary.wiley.com/doi/10.1002/cncr.34172,0.81
RR_OAT_to_COPD_reduced_light_first_five,537,0.93,0.18600000000000003,Log-normal,0.73,1.18,-0.07257069283483537,0.12250867544129093,"967.full.pdf, godtfredsen et al. 2002",0.93
RR_OAT_to_COPD_reduced_moderate_first_five,538,0.93,0.18600000000000003,Log-normal,0.73,1.18,-0.07257069283483537,0.12250867544129093,"967.full.pdf, godtfredsen et al. 2002",0.93
RR_OAT_to_COPD_reduced_heavy_first_five,539,0.93,0.18600000000000003,Log-normal,0.73,1.18,-0.07257069283483537,0.12250867544129093,"967.full.pdf, godtfredsen et al. 2002",0.93
Effectiveness_of_quitting_in_all_cause_mortality,541,,,,,,,,,
RR_mortality_current_smoker,543,1,2.2–3.4,Log-normal,2.2,3.4,0,0.1110525689991191,,
RR_mortality_former_smoker,544,1,1.1–1.5,Log-normal,1.1,1.5,0,0.07912260907606009,,
RR_mortality_quit,545,1,,,,,,,https://evidence.nejm.org/doi/full/10.1056/EVIDoa2300272,
RR_mortality_quit_CVD,547,1,0.55-0.66,Log-normal,0.55,0.66,0,0.04651145588186412,"Smoking cessation for secondary prevention of cardiovascular disease - Wu, AD - 2022 | Cochrane Library",
RR_mortality_quit_COPD,548,1,0.70–0.87,Log-normal,0.7,0.87,0,0.055463487676342495,Improved outcomes in ex-smokers with COPD: a UK primary care observational cohort study | European Respiratory Society,
RR_mortality_quit_LC,549,1,0.68–0.96,Log-normal,0.64,0.8,0,0.056925421353233446,https://www.sciencedirect.com/science/article/pii/S1556086421034043,
Effectiveness_of_quitting,551,,,,,,,,,
RR_OAT_to_IHD_quit_light,553,0.6024096385542169,,,,,,,,
RR_OAT_to_IHD_quit_moderate,554,0.4345084905131589,,,,,,,,
RR_OAT_to_IHD_quit_heavy,555,0.3338607219871657,,,,,,,,
RR_OAT_to_stroke_quit_light,557,0.7142857142857143,,,,,,,,
RR_OAT_to_stroke_quit_moderate,558,0.4931817621384361,,,,,,,,
RR_OAT_to_stroke_quit_heavy,559,0.4119179393557933,,,,,,,,
RR_OAT_to_lungcancer_quit_light,561,0.46975571763171714,,,,,,,,
RR_OAT_to_lungcancer_quit_moderate,562,0.14657284831791534,,,,,,,,
RR_OAT_to_lungcancer_quit_heavy,563,0.07444604511713229,,,,,,,,
RR_OAT_to_COPD_quit_light,565,0.5004246102818242,,,,,,,,
RR_OAT_to_COPD_quit_moderate,566,0.27419278330078206,,,,,,,,
RR_OAT_to_COPD_quit_heavy,567,0.162881172483832,,,,,,,,
Effectiveness_of_quitting_first_five_years,570,,,,,,,,,
RR_OAT_to_IHD_quit_light_first_five,572,1,0.2,Log-normal,0.84,1.25,0,0.10140414354406327,https://academic.oup.com/eurheartj/article/42/40/4141/6357311,
RR_OAT_to_IHD_quit_moderate_first_five,573,0.76,0.15200000000000002,Log-normal,0.69,0.84,-0.2744368457017603,0.05018211961997262,https://academic.oup.com/eurheartj/article/42/40/4141/6357311,
RR_OAT_to_IHD_quit_heavy_first_five,574,0.74,0.148,Log-normal,0.68,0.8,-0.3011050927839216,0.041459672417376935,https://academic.oup.com/eurheartj/article/42/40/4141/6357311,
RR_OAT_to_stroke_quit_light_first_five,576,0.88,0.17600000000000002,Log-normal,0.77,1.01,-0.12783337150988489,0.06921430626472592,https://academic.oup.com/eurheartj/article/42/40/4141/6357311,0.88
RR_OAT_to_stroke_quit_moderate_first_five,577,0.85,0.17,Log-normal,0.79,0.92,-0.16251892949777494,0.03886314385969922,https://academic.oup.com/eurheartj/article/42/40/4141/6357311,
RR_OAT_to_stroke_quit_heavy_first_five,578,0.73,0.146,Log-normal,0.68,0.78,-0.31471074483970024,0.035000929250667355,https://academic.oup.com/eurheartj/article/42/40/4141/6357311,
RR_OAT_to_lungcancer_quit_light_first_five,580,0.98,0.196,Log-normal,0.81,1.17,-0.020202707317519466,0.09380906563229821,https://acsjournals.onlinelibrary.wiley.com/doi/10.1002/cncr.34172,0.98
RR_OAT_to_lungcancer_quit_moderate_first_five,581,0.87,0.17400000000000002,Log-normal,0.8,0.95,-0.13926206733350766,0.04384015682997036,https://acsjournals.onlinelibrary.wiley.com/doi/10.1002/cncr.34172,
RR_OAT_to_lungcancer_quit_heavy_first_five,582,0.79,0.15800000000000003,Log-normal,0.74,0.84,-0.23572233352106983,0.032335212952621865,https://acsjournals.onlinelibrary.wiley.com/doi/10.1002/cncr.34172,
RR_OAT_to_COPD_quit_light_first_five,584,0.66,0.132,Log-normal,0.47,0.93,-0.4155154439616658,0.17409806935900124,"967.full.pdf, godtfredsen et al. 2002",
RR_OAT_to_COPD_quit_moderate_first_five,585,0.66,0.132,Log-normal,0.47,0.93,-0.4155154439616658,0.17409806935900124,"967.full.pdf, godtfredsen et al. 2002",
RR_OAT_to_COPD_quit_heavy_first_five,586,0.66,0.132,Log-normal,0.47,0.93,-0.4155154439616658,0.17409806935900124,"967.full.pdf, godtfredsen et al. 2002",
IHD_20_29,590,7.749864281689307e-05,1.5499728563378615e-05,Log-normal,4.7119174832670985e-05,0.00010787811080111515,-9.4652501337984,0.21131050505567864,,
IHD_30_39,591,0.0003173568900687877,6.347137801375755e-05,Log-normal,0.0001929529891618229,0.0004417607909757525,-8.055483581186136,0.2113105050556784,,
IHD_40_49,592,0.001410538733661635,0.000282107746732327,Log-normal,0.000857607550066274,0.001963469917256996,-6.5637835669551805,0.21131050505567864,,
IHD_50_59,593,0.0036864329334667075,0.0007372865866933416,Log-normal,0.0022413512235477584,0.005131514643385657,-5.603095973168057,0.21131050505567864,,
IHD_Over60,594,0.008447433319715673,0.0016894866639431347,Log-normal,0.005136039458387129,0.011758827181044217,-4.773892632900244,0.21131050505567864,,
stroke_20_29,596,9.646406115948908e-05,1.929281223189782e-05,Log-normal,5.865014918496936e-05,0.00013427797313400882,-9.246340042203814,0.21131050505567864,,
stroke_30_39,597,0.00018148969160850542,3.629793832170109e-05,Log-normal,0.00011034573249797128,0.00025263365071903957,-8.614311701417721,0.21131050505567908,,
stroke_40_49,598,0.000483336465364082,9.666729307281641e-05,Log-normal,0.00029386857094136187,0.0006728043597868022,-7.634797531175141,0.21131050505567864,,
stroke_50_59,599,0.0011474070180821894,0.0002294814036164379,Log-normal,0.0006976234669939711,0.0015971905691704077,-6.770250649306416,0.21131050505567864,,
stroke_Over60,600,0.004294202956574524,0.0008588405913149048,Log-normal,0.0026108753975973105,0.005977530515551738,-5.450489315487753,0.21131050505567864,,
COPD_20_29,602,0.0002714236422285527,5.428472844571054e-05,Log-normal,0.00016502557447496002,0.00037782170998214537,-8.21182970224055,0.21131050505567864,,
COPD_30_39,603,0.00032313574275063465,6.462714855012693e-05,Log-normal,0.00019646653159238587,0.00044980495390888346,-8.037438066830603,0.2113105050556784,,
COPD_40_49,604,0.0013076282298267981,0.0002615256459653596,Log-normal,0.0007950379637346932,0.001820218495918903,-6.639540294308716,0.21131050505567864,,
COPD_50_59,605,0.002912523394725081,0.0005825046789450162,Log-normal,0.0017708142239928493,0.0040542325654573125,-5.838735427598945,0.21131050505567864,,
COPD_Over60,606,0.008507636383808057,0.0017015272767616114,Log-normal,0.005172642921355299,0.011842629846260815,-4.766791120708827,0.2113105050556784,,
lungcancer_20_29,608,1.14424421624799e-06,2.28848843249598e-07,Log-normal,6.957004834787779e-07,1.592787949017202e-06,-13.680766212048121,0.21131050505567864,,
lungcancer_30_39,609,8.87410996532456e-06,1.774821993064912e-06,Log-normal,5.395458858917332e-06,1.2352761071731786e-05,-11.632372513228963,0.21131050505567864,,
lungcancer_40_49,610,6.057897613481875e-05,1.211579522696375e-05,Log-normal,3.68320174899698e-05,8.43259347796677e-05,-9.711562653550946,0.21131050505567864,,
lungcancer_50_59,611,0.0002714471198718366,5.428942397436732e-05,Log-normal,0.00016503984888207665,0.0003778543908615965,-8.211743207829954,0.2113105050556784,,
lungcancer_Over60,612,0.0015105134060132076,0.00030210268120264155,Log-normal,0.0009183921508560302,0.002102634661170385,-6.495305681961303,0.21131050505567864,,
inc_20_29_IHD_to_secondaryIHD_light,616,0.00039237562858192955,,,,,,,,
inc_30_39_IHD_to_secondaryIHD_light,617,0.001606777934418272,,,,,,,,
inc_40_49_IHD_to_secondaryIHD_light,618,0.007141557608528857,,,,,,,,
inc_50_59_IHD_to_secondaryIHD_light,619,0.018664409942141937,,,,,,,,
inc_Over60_IHD_to_secondaryIHD_light,620,0.04276935489772045,,,,,,,,
inc_20_29_IHD_to_stroke_light,622,0.0003740876291764986,,,,,,,,
inc_30_39_IHD_to_stroke_light,623,0.000703817024057784,,,,,,,,
inc_40_49_IHD_to_stroke_light,624,0.00187437881268191,,,,,,,,
inc_50_59_IHD_to_stroke_light,625,0.00444964441612273,,,,,,,,
inc_Over60_IHD_to_stroke_light,626,0.016652919065596003,,,,,,,,
inc_20_29_IHD_to_COPD_light,628,0.0017844521723842414,,,,,,,,
inc_30_39_IHD_to_COPD_light,629,0.0021244290784397527,,,,,,,,
inc_40_49_IHD_to_COPD_light,630,0.00859689309386154,,,,,,,,
inc_50_59_IHD_to_COPD_light,631,0.019148142940550242,,,,,,,,
inc_Over60_IHD_to_COPD_light,632,0.05593274816553349,,,,,,,,
inc_20_29_IHD_to_lungcancer_light,634,4.5306404208363865e-06,,,,,,,,
inc_30_39_IHD_to_lungcancer_light,635,3.5137080648466034e-05,,,,,,,,
inc_40_49_IHD_to_lungcancer_light,636,0.00023986274436174127,,,,,,,,
inc_50_59_IHD_to_lungcancer_light,637,0.0010747961632208277,,,,,,,,
inc_Over60_IHD_to_lungcancer_light,638,0.00598088502115311,,,,,,,,
inc_20_29_IHD_to_secondaryIHD_moderate,642,0.0005439959534792232,,,,,,,,
inc_30_39_IHD_to_secondaryIHD_moderate,643,0.0022276630626173895,,,,,,,,
inc_40_49_IHD_to_secondaryIHD_moderate,644,0.009901171626329124,,,,,,,,
inc_50_59_IHD_to_secondaryIHD_moderate,645,0.025876641521537656,,,,,,,,
inc_Over60_IHD_to_secondaryIHD_moderate,646,0.05929612927633351,,,,,,,,
inc_20_29_IHD_to_stroke_moderate,648,0.0005417991294998054,,,,,,,,
inc_30_39_IHD_to_stroke_moderate,649,0.0010193532777362613,,,,,,,,
inc_40_49_IHD_to_stroke_moderate,650,0.0027147029996674823,,,,,,,,
inc_50_59_IHD_to_stroke_moderate,651,0.006444515357393754,,,,,,,,
inc_Over60_IHD_to_stroke_moderate,652,0.024118779530968384,,,,,,,,
inc_20_29_IHD_to_COPD_moderate,654,0.0032567734722338017,,,,,,,,
inc_30_39_IHD_to_COPD_moderate,655,0.0038772595720850092,,,,,,,,
inc_40_49_IHD_to_COPD_moderate,656,0.01569004415193117,,,,,,,,
inc_50_59_IHD_to_COPD_moderate,657,0.03494695175158603,,,,,,,,
inc_Over60_IHD_to_COPD_moderate,658,0.10208191246238636,,,,,,,,
inc_20_29_IHD_to_lungcancer_moderate,660,1.4520385369089697e-05,,,,,,,,
inc_30_39_IHD_to_lungcancer_moderate,661,0.0001126118836123225,,,,,,,,
inc_40_49_IHD_to_lungcancer_moderate,662,0.0007687433034416278,,,,,,,,
inc_50_59_IHD_to_lungcancer_moderate,663,0.003444646459121202,,,,,,,,
inc_Over60_IHD_to_lungcancer_moderate,664,0.01916831778482372,,,,,,,,
inc_20_29_IHD_to_secondaryIHD_heavy,668,0.0007079924202662283,,,,,,,,
inc_30_39_IHD_to_secondaryIHD_heavy,669,0.0028992284835081977,,,,,,,,
inc_40_49_IHD_to_secondaryIHD_heavy,670,0.012886041556674553,,,,,,,,
inc_50_59_IHD_to_secondaryIHD_heavy,671,0.03367757782392169,,,,,,,,
inc_Over60_IHD_to_secondaryIHD_heavy,672,0.07717191609656691,,,,,,,,
inc_20_29_IHD_to_stroke_heavy,674,0.0006486861189626087,,,,,,,,
inc_30_39_IHD_to_stroke_heavy,675,0.001220452905114509,,,,,,,,
inc_40_49_IHD_to_stroke_heavy,676,0.0032502639024470487,,,,,,,,
inc_50_59_IHD_to_stroke_heavy,677,0.007715899543142742,,,,,,,,
inc_Over60_IHD_to_stroke_heavy,678,0.028876970515812374,,,,,,,,
inc_20_29_IHD_to_COPD_heavy,680,0.005482424821202574,,,,,,,,
inc_30_39_IHD_to_COPD_heavy,681,0.006526945855298995,,,,,,,,
inc_40_49_IHD_to_COPD_heavy,682,0.026412487155672966,,,,,,,,
inc_50_59_IHD_to_COPD_heavy,683,0.058829401965390875,,,,,,,,
inc_Over60_IHD_to_COPD_heavy,684,0.17184382501609805,,,,,,,,
inc_20_29_IHD_to_lungcancer_heavy,686,2.8588412438466475e-05,,,,,,,,
inc_30_39_IHD_to_lungcancer_heavy,687,0.00022171553249784634,,,,,,,,
inc_40_49_IHD_to_lungcancer_heavy,688,0.0015135376961056659,,,,,,,,
inc_50_59_IHD_to_lungcancer_heavy,689,0.006781980723989126,,,,,,,,
inc_Over60_IHD_to_lungcancer_heavy,690,0.03773947871594864,,,,,,,,
inc_20_29_Stroke_AS_to_secondary_stroke_light,696,0.0003808401134576628,,,,,,,,
inc_30_39_Stroke_AS_to_secondary_stroke_light,697,0.0007165213024703794,,,,,,,,
inc_40_49_Stroke_AS_to_secondary_stroke_light,698,0.0019082123652573956,,,,,,,,
inc_50_59_Stroke_AS_to_secondary_stroke_light,699,0.004529962907388483,,,,,,,,
inc_Over60_Stroke_AS_to_secondary_stroke_light,700,0.01695351327255622,,,,,,,,
inc_20_29_Stroke_MS_to_stroke_SS_light,702,0.0005807136481801242,,,,,,,,
inc_30_39_Stroke_MS_to_stroke_SS_light,703,0.0010925679434832026,,,,,,,,
inc_40_49_Stroke_MS_to_stroke_SS_light,704,0.0029096855214917733,,,,,,,,
inc_50_59_Stroke_MS_to_stroke_SS_light,705,0.006907390248854779,,,,,,,,
inc_Over60_Stroke_MS_to_stroke_SS_light,706,0.02585110179857863,,,,,,,,
inc_20_29_stroke_to_lungcancer_light,708,4.5306404208363865e-06,,,,,,,,
inc_30_39_stroke_to_lungcancer_light,709,3.5137080648466034e-05,,,,,,,,
inc_40_49_stroke_to_lungcancer_light,710,0.00023986274436174127,,,,,,,,
inc_50_59_stroke_to_lungcancer_light,711,0.0010747961632208277,,,,,,,,
inc_Over60_stroke_to_lungcancer_light,712,0.00598088502115311,,,,,,,,
inc_20_29_Stroke_AS_to_secondary_stroke_moderate,716,0.0005515788971803073,,,,,,,,
inc_30_39_Stroke_AS_to_secondary_stroke_moderate,717,0.0010377531563957605,,,,,,,,
inc_40_49_Stroke_AS_to_secondary_stroke_moderate,718,0.002763704858867256,,,,,,,,
inc_50_59_Stroke_AS_to_secondary_stroke_moderate,719,0.0065608423494044705,,,,,,,,
inc_Over60_Stroke_AS_to_secondary_stroke_moderate,720,0.024554136562213297,,,,,,,,
inc_20_29_Stroke_MS_to_stroke_SS_moderate,722,0.0008410600205231636,,,,,,,,
inc_30_39_Stroke_MS_to_stroke_SS_moderate,723,0.0015823895647169397,,,,,,,,
inc_40_49_Stroke_MS_to_stroke_SS_moderate,724,0.004214159891180568,,,,,,,,
inc_50_59_Stroke_MS_to_stroke_SS_moderate,725,0.01000412131292171,,,,,,,,
inc_Over60_Stroke_MS_to_stroke_SS_moderate,726,0.03744070468706283,,,,,,,,
inc_20_29_stroke_to_lungcancer_moderate,728,1.4520385369089697e-05,,,,,,,,
inc_30_39_stroke_to_lungcancer_moderate,729,0.0001126118836123225,,,,,,,,
inc_40_49_stroke_to_lungcancer_moderate,730,0.0007687433034416278,,,,,,,,
inc_50_59_stroke_to_lungcancer_moderate,731,0.003444646459121202,,,,,,,,
inc_Over60_stroke_to_lungcancer_moderate,732,0.01916831778482372,,,,,,,,
inc_20_29_Stroke_AS_to_secondary_stroke_heavy,736,0.0006603952546839554,,,,,,,,
inc_30_39_Stroke_AS_to_secondary_stroke_heavy,737,0.0012424827409469007,,,,,,,,
inc_40_49_Stroke_AS_to_secondary_stroke_heavy,738,0.003308932925956923,,,,,,,,
inc_50_59_Stroke_AS_to_secondary_stroke_heavy,739,0.007855175708181419,,,,,,,,
inc_Over60_Stroke_AS_to_secondary_stroke_heavy,740,0.02939821547097144,,,,,,,,
inc_20_29_Stroke_MS_to_stroke_SS_heavy,742,0.0010069856720358187,,,,,,,,
inc_30_39_Stroke_MS_to_stroke_SS_heavy,743,0.0018945658815856998,,,,,,,,
inc_40_49_Stroke_MS_to_stroke_SS_heavy,744,0.005045536021849209,,,,,,,,
inc_50_59_Stroke_MS_to_stroke_SS_heavy,745,0.011977750193326277,,,,,,,,
inc_Over60_Stroke_MS_to_stroke_SS_heavy,746,0.04482706614367986,,,,,,,,
inc_20_29_stroke_to_lungcancer_heavy,748,2.8588412438466475e-05,,,,,,,,
inc_30_39_stroke_to_lungcancer_heavy,749,0.00022171553249784634,,,,,,,,
inc_40_49_stroke_to_lungcancer_heavy,750,0.0015135376961056659,,,,,,,,
inc_50_59_stroke_to_lungcancer_heavy,751,0.006781980723989126,,,,,,,,
inc_Over60_stroke_to_lungcancer_heavy,752,0.03773947871594864,,,,,,,,
inc_20_29_COPD_to_stroke_light,756,0.0001755645913102701,,,,,,,,
inc_30_39_COPD_to_stroke_light,757,0.00033031123872747986,,,,,,,,
inc_40_49_COPD_to_stroke_light,758,0.0008796723669626293,,,,,,,,
inc_50_59_COPD_to_stroke_light,759,0.0020882807729095845,,,,,,,,
inc_Over60_COPD_to_stroke_light,760,0.007815449380965634,,,,,,,,
inc_20_29_COPD_to_lungcancer_light,762,1.1054762626840784e-05,,,,,,,,
inc_30_39_COPD_to_lungcancer_light,763,8.573447678225712e-05,,,,,,,,
inc_40_49_COPD_to_lungcancer_light,764,0.0005852650962426487,,,,,,,,
inc_50_59_COPD_to_lungcancer_light,765,0.0026225026382588196,,,,,,,,
inc_Over60_COPD_to_lungcancer_light,766,0.014593359451613587,,,,,,,,
inc_20_29_COPD_to_stroke_moderate,770,0.0002542739596930495,,,,,,,,
inc_30_39_COPD_to_stroke_moderate,771,0.0004783968451469818,,,,,,,,
inc_40_49_COPD_to_stroke_moderate,772,0.0012740483391941253,,,,,,,,
inc_50_59_COPD_to_stroke_moderate,773,0.003024501792278657,,,,,,,,
inc_Over60_COPD_to_stroke_moderate,774,0.011319282812367833,,,,,,,,
inc_20_29_COPD_to_lungcancer_moderate,776,3.542974030057886e-05,,,,,,,,
inc_30_39_COPD_to_lungcancer_moderate,777,0.00027477299601406685,,,,,,,,
inc_40_49_COPD_to_lungcancer_moderate,778,0.001875733660397572,,,,,,,,
inc_50_59_COPD_to_lungcancer_moderate,779,0.008404937360255733,,,,,,,,
inc_Over60_COPD_to_lungcancer_moderate,780,0.04677069539496988,,,,,,,,
inc_20_29_COPD_to_stroke_heavy,784,0.00030443752875501494,,,,,,,,
inc_30_39_COPD_to_stroke_heavy,785,0.0005727757316421883,,,,,,,,
inc_40_49_COPD_to_stroke_heavy,786,0.0015253946112567377,,,,,,,,
inc_50_59_COPD_to_stroke_heavy,787,0.0036211802910056192,,,,,,,,
inc_Over60_COPD_to_stroke_heavy,788,0.013552368834135771,,,,,,,,
inc_20_29_COPD_to_lungcancer_heavy,790,6.97557263498582e-05,,,,,,,,
inc_30_39_COPD_to_lungcancer_heavy,791,0.000540985899294745,,,,,,,,
inc_40_49_COPD_to_lungcancer_heavy,792,0.0036930319784978247,,,,,,,,
inc_50_59_COPD_to_lungcancer_heavy,793,0.01654803296653347,,,,,,,,
inc_Over60_COPD_to_lungcancer_heavy,794,0.09208432806691468,,,,,,,,
